sample_size,train_file,best_model,best_f1,Logistic Regression_f1,Random Forest_f1,SVC_f1,XGB_f1
100,sample/Adult/data100.csv,XGB,0.8391394385641969,0.8349534050179211,0.8218883513849051,0.7478431372549019,0.8391394385641969
200,sample/Adult/data200.csv,XGB,0.8497666100653926,0.8099800846402787,0.796931591362729,0.7478431372549019,0.8497666100653926
400,sample/Adult/data400.csv,XGB,0.8391394385641969,0.8305227781926812,0.796931591362729,0.751701873850589,0.8391394385641969
800,sample/Adult/data800.csv,XGB,0.8588377217142228,0.856798418972332,0.7427303891913692,0.7427303891913692,0.8588377217142228
