sample_size,n_runs,paper_mle_f1_mean,paper_mle_f1_std,paper_mle_f1_standard_error,paper_mle_f1_min,paper_mle_f1_max,paper_mle_model_accuracy_mean,paper_mle_model_accuracy_std,Logistic Regression_f1_mean,Logistic Regression_f1_std,Logistic Regression_accuracy_mean,Logistic Regression_accuracy_std,Random Forest_f1_mean,Random Forest_f1_std,Random Forest_accuracy_mean,Random Forest_accuracy_std,SVC_f1_mean,SVC_f1_std,SVC_accuracy_mean,SVC_accuracy_std,XGB_f1_mean,XGB_f1_std,XGB_accuracy_mean,XGB_accuracy_std
100,5,0.8196274325243941,0.006920807445632106,0.0034604037228160526,0.8129887834339948,0.8319081643375013,0.8219999999999998,0.007483314773547889,0.7579115349306281,0.027637060549668295,0.7610000000000001,0.026532998322843223,0.8196274325243941,0.006920807445632106,0.8219999999999998,0.007483314773547889,0.7491507893304301,0.0,0.79,0.0,0.7893601290774108,0.01965660312888452,0.8019999999999999,0.023151673805580423
200,5,0.8173481505320899,0.017955872639572892,0.008977936319786446,0.7853086895135413,0.838859649122807,0.82,0.021213203435596403,0.8086179991161029,0.023400400120163565,0.8059999999999998,0.02653299832284317,0.8111780442329936,0.017321041237315697,0.821,0.01827566688249703,0.7417196601926737,0.0053439690830314945,0.775,0.0054772255750516665,0.7948816949390559,0.014244535425528006,0.8019999999999999,0.01777638883463115
400,5,0.8365906890935231,0.009341475625507172,0.004670737812753585,0.8261123658949746,0.8483812566560169,0.841,0.009695359714832666,0.8354587673025241,0.010688117418281266,0.8370000000000001,0.01363818169698587,0.8222681983715464,0.009607202143733175,0.835,0.007745966692414842,0.7375738867726258,0.0,0.775,0.0,0.8195420469787054,0.01509357830189398,0.827,0.0156843871413581
800,5,0.8418925502159166,0.005297132006535146,0.0026485660032675726,0.8363454715219422,0.8497666100653926,0.8480000000000001,0.00509901951359279,0.8195010964912282,0.005960484360127561,0.82,0.006324555320336729,0.8285187596324166,0.008081887291732008,0.8389999999999999,0.007348469228349541,0.7426973513689445,0.00283399778859361,0.7709999999999999,0.009165151389911688,0.8392012108660998,0.008834675424320256,0.842,0.01029563014098701
