sample_size,train_file,oracle_model,oracle_f1,oracle_model_accuracy,Logistic Regression_f1,Random Forest_f1,SVC_f1,XGB_f1,Logistic Regression_accuracy,Random Forest_accuracy,SVC_accuracy,XGB_accuracy
100,sample/Adult/data100.csv,XGB,0.8391394385641969,0.85,0.8349534050179211,0.8218883513849051,0.7478431372549019,0.8391394385641969,0.84,0.845,0.8,0.85
200,sample/Adult/data200.csv,XGB,0.8497666100653926,0.855,0.8099800846402787,0.796931591362729,0.7478431372549019,0.8497666100653926,0.815,0.83,0.8,0.855
400,sample/Adult/data400.csv,XGB,0.8391394385641969,0.85,0.8305227781926812,0.796931591362729,0.751701873850589,0.8391394385641969,0.835,0.83,0.805,0.85
800,sample/Adult/data800.csv,XGB,0.8588377217142228,0.865,0.856798418972332,0.7427303891913692,0.7427303891913692,0.8588377217142228,0.86,0.8,0.8,0.865
