{
  "protocol": "Paper-style MLE/F1: train Logistic Regression, Random Forest, SVC, and XGBoost classifiers on synthetic Adult data, evaluate weighted F1 on the held-out real test set, and average the best per-run classifier score across repeated random seeds.",
  "sample_dir": "sample/Adult",
  "synthetic_root": "gen/adult",
  "test_file": "sample/Adult/data_test.csv",
  "sample_sizes": [
    100,
    200,
    400,
    800
  ],
  "adult_notebook_sample_sizes": [
    100,
    200,
    400,
    800
  ],
  "expected_test_size": 200,
  "expected_runs": 5,
  "allow_size_mismatch": false,
  "cleaning_reference": "Synthetic and real training rows are cleaned using only the matching real training split as the imputation reference. The held-out test split is cleaned independently.",
  "paper_classifiers": [
    "Logistic Regression",
    "Random Forest",
    "SVC",
    "XGB"
  ],
  "xgboost_available": true,
  "summary": [
    {
      "sample_size": 100,
      "n_runs": 5,
      "paper_mle_f1_mean": 0.8196274325243941,
      "paper_mle_f1_std": 0.006920807445632106,
      "paper_mle_f1_standard_error": 0.0034604037228160526,
      "paper_mle_f1_min": 0.8129887834339948,
      "paper_mle_f1_max": 0.8319081643375013,
      "paper_mle_model_accuracy_mean": 0.8219999999999998,
      "paper_mle_model_accuracy_std": 0.007483314773547889,
      "Logistic Regression_f1_mean": 0.7579115349306281,
      "Logistic Regression_f1_std": 0.027637060549668295,
      "Logistic Regression_accuracy_mean": 0.7610000000000001,
      "Logistic Regression_accuracy_std": 0.026532998322843223,
      "Random Forest_f1_mean": 0.8196274325243941,
      "Random Forest_f1_std": 0.006920807445632106,
      "Random Forest_accuracy_mean": 0.8219999999999998,
      "Random Forest_accuracy_std": 0.007483314773547889,
      "SVC_f1_mean": 0.7491507893304301,
      "SVC_f1_std": 0.0,
      "SVC_accuracy_mean": 0.79,
      "SVC_accuracy_std": 0.0,
      "XGB_f1_mean": 0.7893601290774108,
      "XGB_f1_std": 0.01965660312888452,
      "XGB_accuracy_mean": 0.8019999999999999,
      "XGB_accuracy_std": 0.023151673805580423
    },
    {
      "sample_size": 200,
      "n_runs": 5,
      "paper_mle_f1_mean": 0.8173481505320899,
      "paper_mle_f1_std": 0.017955872639572892,
      "paper_mle_f1_standard_error": 0.008977936319786446,
      "paper_mle_f1_min": 0.7853086895135413,
      "paper_mle_f1_max": 0.838859649122807,
      "paper_mle_model_accuracy_mean": 0.82,
      "paper_mle_model_accuracy_std": 0.021213203435596403,
      "Logistic Regression_f1_mean": 0.8086179991161029,
      "Logistic Regression_f1_std": 0.023400400120163565,
      "Logistic Regression_accuracy_mean": 0.8059999999999998,
      "Logistic Regression_accuracy_std": 0.02653299832284317,
      "Random Forest_f1_mean": 0.8111780442329936,
      "Random Forest_f1_std": 0.017321041237315697,
      "Random Forest_accuracy_mean": 0.821,
      "Random Forest_accuracy_std": 0.01827566688249703,
      "SVC_f1_mean": 0.7417196601926737,
      "SVC_f1_std": 0.0053439690830314945,
      "SVC_accuracy_mean": 0.775,
      "SVC_accuracy_std": 0.0054772255750516665,
      "XGB_f1_mean": 0.7948816949390559,
      "XGB_f1_std": 0.014244535425528006,
      "XGB_accuracy_mean": 0.8019999999999999,
      "XGB_accuracy_std": 0.01777638883463115
    },
    {
      "sample_size": 400,
      "n_runs": 5,
      "paper_mle_f1_mean": 0.8365906890935231,
      "paper_mle_f1_std": 0.009341475625507172,
      "paper_mle_f1_standard_error": 0.004670737812753585,
      "paper_mle_f1_min": 0.8261123658949746,
      "paper_mle_f1_max": 0.8483812566560169,
      "paper_mle_model_accuracy_mean": 0.841,
      "paper_mle_model_accuracy_std": 0.009695359714832666,
      "Logistic Regression_f1_mean": 0.8354587673025241,
      "Logistic Regression_f1_std": 0.010688117418281266,
      "Logistic Regression_accuracy_mean": 0.8370000000000001,
      "Logistic Regression_accuracy_std": 0.01363818169698587,
      "Random Forest_f1_mean": 0.8222681983715464,
      "Random Forest_f1_std": 0.009607202143733175,
      "Random Forest_accuracy_mean": 0.835,
      "Random Forest_accuracy_std": 0.007745966692414842,
      "SVC_f1_mean": 0.7375738867726258,
      "SVC_f1_std": 0.0,
      "SVC_accuracy_mean": 0.775,
      "SVC_accuracy_std": 0.0,
      "XGB_f1_mean": 0.8195420469787054,
      "XGB_f1_std": 0.01509357830189398,
      "XGB_accuracy_mean": 0.827,
      "XGB_accuracy_std": 0.0156843871413581
    },
    {
      "sample_size": 800,
      "n_runs": 5,
      "paper_mle_f1_mean": 0.8418925502159166,
      "paper_mle_f1_std": 0.005297132006535146,
      "paper_mle_f1_standard_error": 0.0026485660032675726,
      "paper_mle_f1_min": 0.8363454715219422,
      "paper_mle_f1_max": 0.8497666100653926,
      "paper_mle_model_accuracy_mean": 0.8480000000000001,
      "paper_mle_model_accuracy_std": 0.00509901951359279,
      "Logistic Regression_f1_mean": 0.8195010964912282,
      "Logistic Regression_f1_std": 0.005960484360127561,
      "Logistic Regression_accuracy_mean": 0.82,
      "Logistic Regression_accuracy_std": 0.006324555320336729,
      "Random Forest_f1_mean": 0.8285187596324166,
      "Random Forest_f1_std": 0.008081887291732008,
      "Random Forest_accuracy_mean": 0.8389999999999999,
      "Random Forest_accuracy_std": 0.007348469228349541,
      "SVC_f1_mean": 0.7426973513689445,
      "SVC_f1_std": 0.00283399778859361,
      "SVC_accuracy_mean": 0.7709999999999999,
      "SVC_accuracy_std": 0.009165151389911688,
      "XGB_f1_mean": 0.8392012108660998,
      "XGB_f1_std": 0.008834675424320256,
      "XGB_accuracy_mean": 0.842,
      "XGB_accuracy_std": 0.01029563014098701
    }
  ],
  "real_data_baseline": [
    {
      "sample_size": 100,
      "train_file": "sample/Adult/data100.csv",
      "paper_mle_model": "XGB",
      "paper_mle_f1": 0.8391394385641969,
      "paper_mle_model_accuracy": 0.85,
      "Logistic Regression_f1": 0.8349534050179211,
      "Random Forest_f1": 0.8218883513849051,
      "SVC_f1": 0.7478431372549019,
      "XGB_f1": 0.8391394385641969,
      "Logistic Regression_accuracy": 0.84,
      "Random Forest_accuracy": 0.845,
      "SVC_accuracy": 0.8,
      "XGB_accuracy": 0.85
    },
    {
      "sample_size": 200,
      "train_file": "sample/Adult/data200.csv",
      "paper_mle_model": "XGB",
      "paper_mle_f1": 0.8497666100653926,
      "paper_mle_model_accuracy": 0.855,
      "Logistic Regression_f1": 0.8099800846402787,
      "Random Forest_f1": 0.796931591362729,
      "SVC_f1": 0.7478431372549019,
      "XGB_f1": 0.8497666100653926,
      "Logistic Regression_accuracy": 0.815,
      "Random Forest_accuracy": 0.83,
      "SVC_accuracy": 0.8,
      "XGB_accuracy": 0.855
    },
    {
      "sample_size": 400,
      "train_file": "sample/Adult/data400.csv",
      "paper_mle_model": "XGB",
      "paper_mle_f1": 0.8391394385641969,
      "paper_mle_model_accuracy": 0.85,
      "Logistic Regression_f1": 0.8305227781926812,
      "Random Forest_f1": 0.796931591362729,
      "SVC_f1": 0.751701873850589,
      "XGB_f1": 0.8391394385641969,
      "Logistic Regression_accuracy": 0.835,
      "Random Forest_accuracy": 0.83,
      "SVC_accuracy": 0.805,
      "XGB_accuracy": 0.85
    },
    {
      "sample_size": 800,
      "train_file": "sample/Adult/data800.csv",
      "paper_mle_model": "XGB",
      "paper_mle_f1": 0.8588377217142228,
      "paper_mle_model_accuracy": 0.865,
      "Logistic Regression_f1": 0.856798418972332,
      "Random Forest_f1": 0.7427303891913692,
      "SVC_f1": 0.7427303891913692,
      "XGB_f1": 0.8588377217142228,
      "Logistic Regression_accuracy": 0.86,
      "Random Forest_accuracy": 0.8,
      "SVC_accuracy": 0.8,
      "XGB_accuracy": 0.865
    }
  ]
}