sample_size,n_runs,best_f1_mean,best_f1_std,best_f1_min,best_f1_max,best_accuracy_mean,best_accuracy_std,Logistic Regression_f1_mean,Logistic Regression_f1_std,Random Forest_f1_mean,Random Forest_f1_std,SVC_f1_mean,SVC_f1_std,XGB_f1_mean,XGB_f1_std
100,5,0.8196274325243941,0.006920807445632106,0.8129887834339948,0.8319081643375013,0.8219999999999998,0.007483314773547889,0.7579115349306281,0.027637060549668295,0.8196274325243941,0.006920807445632106,0.7491507893304301,0.0,0.7893601290774108,0.01965660312888452
200,5,0.8173481505320899,0.017955872639572892,0.7853086895135413,0.838859649122807,0.82,0.021213203435596403,0.8086179991161029,0.023400400120163565,0.8111780442329936,0.017321041237315697,0.7417196601926737,0.0053439690830314945,0.7948816949390559,0.014244535425528006
400,5,0.8365906890935231,0.009341475625507172,0.8261123658949746,0.8483812566560169,0.841,0.009695359714832666,0.8354587673025241,0.010688117418281266,0.8222681983715464,0.009607202143733175,0.7375738867726258,0.0,0.8195420469787054,0.01509357830189398
800,5,0.8418925502159166,0.005297132006535146,0.8363454715219422,0.8497666100653926,0.8480000000000001,0.00509901951359279,0.8195010964912282,0.005960484360127561,0.8285187596324166,0.008081887291732008,0.7426973513689445,0.00283399778859361,0.8392012108660998,0.008834675424320256
